{
    "loss": 0.17399702966213226,
    "accuracy": 0.9568965435028076
}