{
    "loss": 0.28748735785484314,
    "accuracy": 0.8706896305084229
}