{
    "loss": 0.2848702669143677,
    "accuracy": 0.9051724076271057
}